[{"Defense" : ["Defence","Space","Military"] },
{"Entertainment" : ["Animation", "Entertainment", "Motion Pictures and Film", "Computer Games", "Performing Arts", "Music","Movies","Film","Actor","Actress","Audio","Video","Editor"] },
{"Media & Journalism" : ["Broadcast Media", "Media Production", "Online Publishing", "Publishing", "Writing and Editing", "Newspapers","Editing","Reporter","Journalism","Writer"] },
{"Aviation, marine and shipping":["Aviation & Aerospace","Airlines / Aviation","Flight","Flight Crew","Pilot","Steward","Marine","Shipping","Container","Air Hostess"]},
{"Healthcare" : ["Medical Practice", "Mental Health Care", "Hospital & Health Care", "Veterinary", "Medical Device","Doctor","Nurse","Alternative Medicine", "Pharmaceuticals", "Biotechnology","Nutrition","Psychologist","Oncology","Disease","Blood","Pharmacy","Clinical","Cardiovascular","Pulmonary"] },
{"Mechanical & Heavy Industry" : ["Mechanical","Automotive","Industrial", "Railroad", "Shipbuilding", "Industrial Automation","boiler", "Machinery","heavy equipment","mechanic","assembler"] },
{"Design" : ["Design", "Graphic Design","web Design"] },
{"Art and Photography" : ["Arts and Crafts", "Fine Art", "Photography"] },
{"Electrical and Electronics" : ["Semiconductors", "Nanotechnology", "Electrical","Electronics" ] },
{"Government and Agencies" : ["Government", "Judiciary", "Legislative", "Law","Police","Civil servent"] },
{"Chemicals" : ["Chemicals", "Plastics","Fragrance"] },
{"Construction" : ["Architecture", "civil", "construction", "Site" ,"Building materials", "Glass, Ceramics & concrete","Carpenter","Brick","Cement","Driller"] },
{"Clothing,Cosmetics and Fashion" : ["Apparel & Fashion", "Textiles", "Luxury Goods & Jewelry", "Cosmetics", "hairstylist"] },
{"Business Services" : ["Market Research", "Outsourcing/Offshoring",  "Public Relations", "Business Supplies and Equipment", "Printing", "Events Services", "Translation and Localization", "Management Consulting", "Executive Office", "International Trade and Development"] },
{"Human Resources":["Human Resources","Staffing and Recruiting","talent acquisition"]},
{"Marketing and Advertising":[ "marketing","advertising","sales","digital marketing","telemarketing","salesman"]},
{"Logistics and Transportation" : ["Logistics and Supply Chain", "Package / Freight Delivery", "Packaging and Containers", "Transportation / Trucking / Railroad", "Warehousing", "Maritime","driver","taxi","car","bus"] },
{"Energy and Mining" : ["Mining & Metals", "Oil & Energy","energy","landman"] },
{"Hotels and Culinary":["Chef","Kitchen","Culinary","Catering","Restaurant","Receptionist","Hotels","Motel","Lodge","Vocation","Beverages", "Food", "Tobacco", "Wine and Spirits","Baker"]},
{"Trade":["Trade","Brokerage","Share","Equity"]},
{"Management":["Manager","Project Manager","Personal Assistant","Operations executive","Program manager","Project director","Account manager","Account executive","Relationship manager","Team","Duty Manager","Clerk","Owner"]},
{"Information Technology" : ["Computer & Network Security", "Computer Hardware", "Computer Software", "Computer Networking", "Internet", "Information Technology","data","technical","product","database","administrator","software","system","unix","mac","ios","android","full stack developer","storage","Specialist","wlan","Consultant","programming","webmaster","website administrator","database"] },
{"sports ,fitness ,leisure and Travel" : ["Leisure and Travel", "Health, Wellness and Fitness", "Hospitality", "Restaurants", "Recreational", "Sports", "Gambling & Casinos","fitness","wellness","sports","spa","massage","rehabilitation","activities","traveler"] },
{"Import Export Procurement Dealers and Distributors" : ["Import","Export", "Distributors", "Wholesale","dealer","procurement","buying","selling","expeditor"] },
{"Social Organisations and NGO" : [ "Philanthropy", "Nonprofit", "NGO", "Religious", "Think Tanks"] },
{"Consumer Services" : ["Consumer Services", "Individual & Family Services","Consumer Goods","Retail", "Supermarkets"] },
{"Real Estate" : ["Commercial Real Estate", "Real Estate", "Facilities","realtor","property"] },
{"Customer Services" : ["Customer Services","attendant","servant"] },
{"Professional Services" : ["Accounting", "Security and Investigations", "Security","Professional","Alternative Dispute Resolution", "Law", "Legal","advocate","Lawyer"] },
{"Education" : ["Education Management", "E-Learning", "Higher Education", "Primary / Secondary", "Research", "Libraries", "Museums and Institutions", "Education","professor","lecturer","teacher","research and development","Intern","student","tutor","principal","book seller"] },
{"Agriculture" : ["Farming", "Fishery", "Forest ", "Dairy","biologist"] },
{"Engineering and Telecommunications":["engineer","engineering","Telecommunications", "Wireless","Telecom","mobile"]},
{"planning and quality":["Quality control","Quality assurance","Planning","Planner","Inspection","Loss prevention","Testing","Verification","Error","Device Verification"]},
{"Financials" : ["Accountant","Banking", "Capital Markets","Investment", "Financial Services", "Investment Management", "Investment Banking", "Investment Venture", "Venture Capital", "Insurance","Tax","Treasury","Payroll","Escrow","Bookkeeper"] },
{"Others":["Homemaker","Retired","Not working","Pastor","Unemployed","Labor","Employee","Christian"]}]
